facility_id,facility_name,region,woreda,zone,facility_type,phone,latitude,longitude,owner_type
DHIS2_000362,Nifa Silk Referral Hospital,SNNPR,Hosaena,Zone 5,Referral Hospital,09826406440,13.748720711114075,41.74899776719568,Public
DHIS2_000074,Kirkos Health Post,Addis Ababa,Arada,Zone 3,Health Post,09616195200,5.968177220918372,39.7581620296514,Public
DHIS2_000375,Addis Ababa Clinic,Amhara,Mekelle,Zone 2,Clinic,09682789684,4.578219202996535,45.85694339784423,NGO
DHIS2_000156,Hawass Dispensary,Oromia,Adama,Zone 4,Dispensary,09310605409,6.948616384438452,46.97384232478485,NGO
DHIS2_000105,Kirko Health Center,SNNPR,Hosaena,Zone 5,Health Center,09721606243,4.23499236892974,41.04722027226892,NGO
DHIS2_000395,Hawass Health Center,Amhara,Bahir Dar,Zone 3,Health Center,09435589001,5.299115348817909,46.773586300131555,NGO
DHIS2_000378,Hosaena Dispensary,Amhara,Bahir Dar,Zone 5,Dispensary,09323721794,6.493730973422148,36.10642377264857,Public
DHIS2_000125,Bole Hospital,Oromia,Bishoftu,Zone 4,Hospital,09184380340,7.142305738575307,44.6075178480201,NGO
DHIS2_000069,Adama Health Center,Oromia,Adama,Zone 5,Health Center,09837345820,7.934480650466234,42.04172823034948,Private
DHIS2_000451,Dessie Health Center,Amhara,Gondar,Zone 2,Health Center,09786630655,8.948445002782693,46.99690851612463,Public
DHIS2_000010,Dessie Health Center,Addis Ababa,Arada,Zone 3,Health Center,09158170987,3.187636880894327,39.351022210595545,NGO
DHIS2_000195,Bahir Dar Hospital,Oromia,Dire Dawa,Zone 4,Hospital,09897901550,12.381483958140352,43.580783911683056,NGO
DHIS2_000407,Duke HC,Oromia,Dukem,Zone 2,HC,09324749151,12.367580609106685,41.75659170771168,Private
DHIS2_000085,Addis Ababa Clinic,SNNPR,Arba Minch,Zone 2,Clinic,09732937902,11.9791162846039,35.76781529034566,NGO
DHIS2_000372,Addis Ababa Referral Hospitalital,Addis Ababa,Bole,Zone 5,Referral Hospital,09712338377,12.384184019195608,41.15708591799356,Public
DHIS2_000389,Butajira Clinic,SNNPR,Butajira,Zone 3,Clinic,09677066688,12.277068500369595,37.64999905757684,NGO
DHIS2_000496,Dessi Referral Hospital,Amhara,Bahir Dar,Zone 4,Referral Hospital,09555143490,4.579843065519101,45.820551751397964,NGO
DHIS2_000031,Butajir Clinic,Addis Ababa,Addis Ketema,Zone 4,Clinic,09158491183,13.190680925930135,42.86419338450515,NGO
DHIS2_000317,Addis Ababa Clinic,Oromia,Adama,Zone 1,Clinic,09122545745,10.609248376515975,34.0639832420066,Public
DHIS2_000409,Dire Dawa Health Post,Oromia,Adama,Zone 3,HP,09251701479,14.66903998848124,39.73220468619909,Private
DHIS2_000491,Addis Ababa General Hospital,Oromia,Adama,Zone 2,General Hospital,09712873524,14.810813990813207,38.93561945360689,Public
DHIS2_000492,Adam HC,SNNPR,Hawassa,Zone 5,HC,09760448489,11.006548046330172,44.655739284776345,Public
DHIS2_000281,Hawassa Health Center,Addis Ababa,Addis Ketema,Zone 3,Health Center,09768835615,12.262292714179456,34.2963691614382,NGO
DHIS2_000357,Hosaena Health Center,Addis Ababa,Arada,Zone 3,Health Center,09551846292,9.587765393299701,36.28910942885813,Public
DHIS2_000077,Kirkos Health Center,Addis Ababa,Arada,Zone 2,HC,09872468859,12.660536010232342,46.547265880149396,Private
DHIS2_000462,Dir Dawa General Hospitalital,Oromia,Dire Dawa,Zone 1,General Hospital,09620431929,10.949807363299298,38.20443989601838,NGO
DHIS2_000498,Dir Dawa Health Post,SNNPR,Arba Minch,Zone 5,Health Post,09315887774,13.72782246056353,38.06220488512347,NGO
DHIS2_000212,Kirko Health Post,Addis Ababa,Addis Ketema,Zone 2,HP,09443978658,11.0411524153313,46.94408816132984,Private
DHIS2_000102,Adama Health Center,Oromia,Adama,Zone 3,Health Center,09627691444,13.794894879294821,38.75836832059817,NGO
DHIS2_000335,Addis Ababa HC,Addis Ababa,Addis Ketema,Zone 3,HC,09312846274,8.827076395912773,33.41305079804198,Public
DHIS2_000476,Modjo Hospital,Amhara,Bahir Dar,Zone 1,Hospital,09484282741,14.947573313986602,47.71676861801904,Private
DHIS2_000337,Gondar Hospitalital,Oromia,Dire Dawa,Zone 3,Hospital,09416299492,13.025762836587932,38.5559547941296,NGO
DHIS2_000441,Hawassa General Hospital,Amhara,Bahir Dar,Zone 4,General Hospital,09381648034,11.646786583732874,45.39732135293644,Public
DHIS2_000174,Kirko Clinic,Amhara,Mekelle,Zone 1,Clinic,09664856856,14.050174173788243,42.24975471781107,Private
DHIS2_000003,Bahi Dar Hospital,SNNPR,Hosaena,Zone 3,Hospital,09552860080,10.409778115532598,42.17479740732421,NGO
DHIS2_000334,Modjo Health Center,Amhara,Gondar,Zone 4,Health Center,09899523105,4.215118975381907,45.70709234540678,Private
DHIS2_000410,Hosaen Dispensary,Addis Ababa,Kirkos,Zone 5,Dispensary,09583746504,6.288859072106292,45.10606355800054,Private
DHIS2_000071,Dessi Hospitalital,SNNPR,Butajira,Zone 1,Hospital,09159907857,3.316403693967024,38.64695050317074,NGO
DHIS2_000210,Hawassa Hospitalital,SNNPR,Hosaena,Zone 4,Hospital,09747710964,5.349335828202554,33.11344312467213,NGO
DHIS2_000064,Nifas Silk Hospital,Amhara,Bahir Dar,Zone 5,Hospital,09861152700,14.558670473287336,33.18231712034724,Private
DHIS2_000385,Dessie Health Post,SNNPR,Hosaena,Zone 4,Health Post,09490440554,4.988997357841871,39.68312458112836,Public
DHIS2_000094,Butajira Health Post,Oromia,Modjo,Zone 4,Health Post,09258014453,13.062990704431497,36.07616340224189,NGO
DHIS2_000486,Gondar HC,Addis Ababa,Nifas Silk,Zone 4,HC,09236632954,3.8524186685280255,36.16189652325043,Private
DHIS2_000186,Dessie Referral Hospitalital,Oromia,Dire Dawa,Zone 5,Referral Hospital,09487066032,3.3678300264696728,36.8652433276682,NGO
DHIS2_000034,Kirkos Referral Hospitalital,Addis Ababa,Lideta,Zone 1,Referral Hospital,09888384476,7.441904403065333,33.23184924793301,Private
DHIS2_000078,Hawass Health Post,SNNPR,Hosaena,Zone 4,Health Post,09667597408,13.84990433392498,38.22383200534951,Private
DHIS2_000001,Dessie Clinic,Oromia,Bishoftu,Zone 3,Clinic,09336735830,10.18390181036444,35.34027960663655,NGO
DHIS2_000012,Butajira Hospitalital,Addis Ababa,Lideta,Zone 3,Hospital,09324881728,11.75527414005677,42.563362070328196,Public
DHIS2_000416,Adama Health Post,Oromia,Dukem,Zone 3,HP,09226796693,11.125828949492083,42.37543779127809,Public
DHIS2_000023,Modjo Health Center,SNNPR,Hosaena,Zone 3,Health Center,09850910172,4.808610527585154,40.62298165111078,NGO
DHIS2_000073,Hosaena Referral Hospital,Addis Ababa,Arada,Zone 5,Referral Hospital,09539702914,11.300572766026944,41.015194125441944,NGO
DHIS2_000183,Bahir Dar HC,Oromia,Adama,Zone 5,HC,09555221400,3.7242250078867656,36.706548510152196,NGO
DHIS2_000132,Dire Dawa Hospitalital,Oromia,Adama,Zone 3,Hospital,09541970599,10.237825313596659,36.680236645219814,Public
DHIS2_000411,Bol Hospital,SNNPR,Arba Minch,Zone 5,Hospital,09473588207,13.278446684975123,43.5175479238539,NGO
DHIS2_000194,Butajira Health Center,Addis Ababa,Addis Ketema,Zone 3,Health Center,09433284856,6.030333384905031,38.38876121874368,Public
DHIS2_000056,Modjo Health Post,SNNPR,Hawassa,Zone 4,Health Post,09124573458,7.670420144809958,33.162564772204476,Public
DHIS2_000149,Addi Ababa Dispensary,Oromia,Adama,Zone 5,Dispensary,09281894820,11.155767392316838,36.27380831797596,Public
DHIS2_000019,Modj Referral Hospitalital,Amhara,Mekelle,Zone 1,Referral Hospital,09495382256,5.625170634876843,41.37153003026012,Private
DHIS2_000205,Dessie Referral Hospitalital,Amhara,Dessie,Zone 5,Referral Hospital,09662764241,6.924397938758864,43.01390078345377,Public
DHIS2_000079,Dire Dawa Health Center,Oromia,Dukem,Zone 4,Health Center,09891251088,14.394247483891705,35.206102213935566,Public
DHIS2_000495,Kirko Referral Hospitalital,Addis Ababa,Bole,Zone 4,Referral Hospital,09294805214,9.812727815172655,41.68971699992907,NGO
DHIS2_000263,Addis Ababa Hospital,Amhara,Mekelle,Zone 2,Hospital,09330686655,13.577409356100256,37.168531458733014,Private
DHIS2_000324,Kirkos Clinic,Amhara,Dessie,Zone 1,Clinic,09642672748,13.354566034948949,33.03155764763825,NGO
DHIS2_000484,Kirko Health Center,Oromia,Bishoftu,Zone 5,Health Center,09824058702,10.471566403183896,47.600739287472315,Private
DHIS2_000080,Kirkos HC,SNNPR,Hosaena,Zone 1,HC,09867395058,6.945019323450099,42.50101281475089,NGO
DHIS2_000040,Gondar Referral Hospital,SNNPR,Butajira,Zone 3,Referral Hospital,09442576169,10.089999126828129,33.45750374908574,Public
DHIS2_000452,Kirkos Health Center,Oromia,Dire Dawa,Zone 1,Health Center,09765927604,11.146772700934086,44.5948008195838,Public
DHIS2_000047,Kirkos General Hospitalital,SNNPR,Arba Minch,Zone 2,General Hospital,09582193785,7.1556518530728095,39.97010719409417,Private
DHIS2_000239,Modj Health Center,SNNPR,Hosaena,Zone 1,HC,09197746642,3.6933667319563996,43.425528432878295,NGO
DHIS2_000392,Adam Health Post,Addis Ababa,Nifas Silk,Zone 3,Health Post,09442791816,13.735713570931615,33.00664172155812,Private
DHIS2_000353,Kirkos Dispensary,Amhara,Mekelle,Zone 1,Dispensary,09255759166,12.193391193547034,45.68882159516598,Private
DHIS2_000342,Dire Dawa HC,Amhara,Bahir Dar,Zone 4,HC,09177980386,8.866773981509416,39.02668200981486,Private
DHIS2_000278,Gondar Dispensary,Addis Ababa,Lideta,Zone 4,Dispensary,09467563860,12.016501032348549,42.854327344007096,Private
DHIS2_000291,Dire Dawa Referral Hospitalital,SNNPR,Arba Minch,Zone 3,Referral Hospital,09333278769,7.463192015002378,39.77545228847524,NGO
DHIS2_000318,Dukem Clinic,Amhara,Dessie,Zone 5,Clinic,09190947292,5.866279924823132,40.044626620210636,Public
DHIS2_000305,Dire Dawa Health Center,Oromia,Dukem,Zone 2,Health Center,09384042970,13.490720689660218,33.00282599334873,Private
DHIS2_000269,Dukem General Hospital,Oromia,Dire Dawa,Zone 2,General Hospital,09896835361,11.43532129174412,33.79205940702792,NGO
DHIS2_000070,Nifas Silk Health Center,Oromia,Dire Dawa,Zone 2,HC,09161509697,7.99966869286175,41.7174393177124,Private
DHIS2_000456,Modj Hospitalital,Oromia,Modjo,Zone 2,Hospital,09278602415,7.916870837315269,42.71661349425513,Private
DHIS2_000466,Gonda Referral Hospital,Amhara,Bahir Dar,Zone 5,Referral Hospital,09358852189,9.39901679134923,42.55142575566491,Public
DHIS2_000155,Bole Hospital,Addis Ababa,Bole,Zone 5,Hospital,09329391451,4.0978420487730585,46.1619129394557,Public
DHIS2_000083,Addis Ababa Hospitalital,Addis Ababa,Lideta,Zone 2,Hospital,09226099248,8.52934521639271,36.095005776086886,Public
DHIS2_000478,Hosaen Dispensary,Amhara,Bahir Dar,Zone 4,Dispensary,09656988351,10.731080683809738,47.613714812171345,Public
DHIS2_000173,Dessie Hospital,Addis Ababa,Bole,Zone 3,Hospital,09257347699,4.8438964579333526,39.80540451907924,Public
DHIS2_000322,Hosaena Health Post,Oromia,Adama,Zone 4,Health Post,09594078592,8.407164227797608,46.94140041709671,NGO
DHIS2_000091,Dessie Referral Hospitalital,Amhara,Gondar,Zone 4,Referral Hospital,09638272916,10.269297832282646,36.558401876039916,Private
DHIS2_000181,Nifas Silk Dispensary,Oromia,Modjo,Zone 2,Dispensary,09885530792,14.234546954924278,33.779569254772085,Private
DHIS2_000415,Nifas Silk Clinic,Addis Ababa,Nifas Silk,Zone 4,Clinic,09374283282,5.15106734289348,45.000052226455225,NGO
DHIS2_000313,Addis Ababa Hospitalital,Oromia,Bishoftu,Zone 2,Hospital,09482098768,4.126287417880274,46.644402291548886,Public
DHIS2_000279,Bahir Dar General Hospitalital,SNNPR,Hosaena,Zone 2,General Hospital,09836133385,5.963745588863998,46.59381870781555,Public
DHIS2_000382,Addis Ababa HP,Oromia,Adama,Zone 1,HP,09175030702,7.048081692204281,43.87471754886079,Private
DHIS2_000473,Gonda Clinic,SNNPR,Hosaena,Zone 3,Clinic,09842833206,10.484917018368108,44.4345393675144,Private
DHIS2_000363,Bahir Dar Dispensary,Amhara,Bahir Dar,Zone 4,Dispensary,09313641771,7.322807025605135,37.05589929576788,Private
DHIS2_000325,Hawassa Health Center,Amhara,Dessie,Zone 4,HC,09421044590,10.983505223736662,45.0053231853511,Public
DHIS2_000432,Butajira General Hospitalital,Amhara,Bahir Dar,Zone 1,General Hospital,09832640051,5.391244037601609,46.16205069981723,Public
DHIS2_000348,Bol General Hospital,Amhara,Gondar,Zone 5,General Hospital,09153860083,14.472565723343198,36.00711773292604,Public
DHIS2_000087,Hawassa Referral Hospitalital,Amhara,Bahir Dar,Zone 5,Referral Hospital,09190123510,9.391407197460278,36.63705755452094,Private
DHIS2_000076,Nifas Silk Health Post,SNNPR,Hosaena,Zone 3,Health Post,09617102173,9.24196201334392,45.7827225047781,Public
DHIS2_000439,Hosaen Referral Hospitalital,Amhara,Dessie,Zone 3,Referral Hospital,09172022454,3.3397352928320134,36.150440242744224,Private
DHIS2_000016,Gonda Dispensary,SNNPR,Hawassa,Zone 3,Dispensary,09454066131,4.265931117963247,39.848018557243655,Private
DHIS2_000250,Addis Ababa General Hospitalital,Addis Ababa,Addis Ketema,Zone 5,General Hospital,09121963776,11.16273335050024,33.625093509035764,NGO
DHIS2_000434,Gonda General Hospital,Amhara,Dessie,Zone 5,General Hospital,09318825150,13.061902006116298,45.07635477743494,Private
DHIS2_000020,Gondar General Hospitalital,Amhara,Mekelle,Zone 3,General Hospital,09134210512,8.966982070708625,37.513174647251546,Public
DHIS2_000323,Butajira Hospital,Amhara,Mekelle,Zone 2,Hospital,09158491820,6.0980790502940305,43.11911779374324,NGO
DHIS2_000333,Kirkos Clinic,Oromia,Bishoftu,Zone 4,Clinic,09384042569,12.142881841588984,47.199666509903196,Private
DHIS2_000057,Gondar Health Post,Oromia,Bishoftu,Zone 4,HP,09561371106,9.881254657479433,42.477558182546986,Public
DHIS2_000302,Dessie Health Center,Addis Ababa,Addis Ketema,Zone 1,HC,09490021414,6.901248185180387,43.29490795029146,Public
DHIS2_000230,Kirkos Health Center,SNNPR,Hawassa,Zone 4,HC,09364915906,14.243493876372753,41.30703361068564,Private
DHIS2_000332,Nifa Silk HP,Oromia,Adama,Zone 4,HP,09255570487,7.715690704143495,40.887188983099854,Public
DHIS2_000133,Nifa Silk Health Center,Oromia,Modjo,Zone 1,HC,09669365444,7.759792476624652,47.3113040480945,Private
DHIS2_000138,Bahir Dar Clinic,Addis Ababa,Bole,Zone 5,Clinic,09120880726,12.100708967348178,42.58424078001393,Private
DHIS2_000424,Bahir Dar Clinic,Amhara,Dessie,Zone 3,Clinic,09316913462,10.881072761694686,47.52805997549838,Public
DHIS2_000336,Modjo Referral Hospital,Amhara,Dessie,Zone 3,Referral Hospital,09313033349,14.107647960304028,39.2122533649234,Public
DHIS2_000026,Dire Dawa General Hospitalital,Oromia,Dukem,Zone 4,General Hospital,09181450611,10.91980855241015,45.25833300301824,Public
DHIS2_000465,Bahir Dar Health Center,SNNPR,Hosaena,Zone 2,Health Center,09350076121,10.016017081989897,35.00475872115777,Private
DHIS2_000282,Kirkos Clinic,Amhara,Gondar,Zone 2,Clinic,09256389268,6.121893491544614,43.962314474710944,Public
DHIS2_000248,Hawassa Health Center,Addis Ababa,Bole,Zone 3,Health Center,09464254875,13.09045895311107,33.57639523443488,NGO
DHIS2_000238,Bahi Dar General Hospital,SNNPR,Hosaena,Zone 2,General Hospital,09328392993,4.824298237543777,33.920244406660025,Public
DHIS2_000118,Hawassa Referral Hospital,Oromia,Dukem,Zone 4,Referral Hospital,09675954738,8.289152963258738,39.01144591312989,Public
DHIS2_000043,Kirkos Hospitalital,Oromia,Dukem,Zone 1,Hospital,09421609076,3.970475599406372,39.42471712410162,Private
DHIS2_000221,Gonda Health Post,Oromia,Bishoftu,Zone 4,Health Post,09882668141,10.238632922560466,38.0584069913313,Public
DHIS2_000177,Bahir Dar Referral Hospitalital,Addis Ababa,Bole,Zone 1,Referral Hospital,09358018519,13.893823835815681,43.86427962189618,Public
DHIS2_000321,Adam Dispensary,SNNPR,Hosaena,Zone 5,Dispensary,09196278999,12.800186105408617,37.268434526443464,NGO
DHIS2_000154,Hawass Health Center,Oromia,Dukem,Zone 5,Health Center,09631765239,4.846750876078261,45.23749687485927,NGO
DHIS2_000232,Bahi Dar Health Center,Amhara,Dessie,Zone 2,Health Center,09387540509,4.396396774625713,45.26174562736787,Private
DHIS2_000228,Kirkos HP,Addis Ababa,Lideta,Zone 1,HP,09799920287,10.483028256033116,34.33686648174025,Public
DHIS2_000418,Gondar Hospitalital,Addis Ababa,Addis Ketema,Zone 4,Hospital,09169910712,6.681319194265694,38.294377551785345,Private
DHIS2_000204,Adama Health Center,Amhara,Dessie,Zone 1,Health Center,09129397196,7.882895528674448,46.061301755058885,NGO
DHIS2_000127,Gondar Dispensary,Oromia,Adama,Zone 3,Dispensary,09771658869,9.499610575930403,42.50217329739221,Private
DHIS2_000330,Nifas Silk Health Center,Amhara,Bahir Dar,Zone 2,HC,09187277157,7.846774370041485,34.16421967097161,Private
DHIS2_000032,Dir Dawa Referral Hospitalital,Oromia,Dire Dawa,Zone 1,Referral Hospital,09521326237,13.873185452622648,39.51591548265643,NGO
DHIS2_000114,Dire Dawa Referral Hospital,Amhara,Gondar,Zone 1,Referral Hospital,09621292148,5.11664383807468,40.475516591092195,Public
DHIS2_000471,Dessi Health Post,Addis Ababa,Nifas Silk,Zone 5,Health Post,09731223676,14.971539568825879,36.622447278853016,Public
DHIS2_000272,Bol Health Center,Addis Ababa,Kirkos,Zone 4,Health Center,09373848248,10.178703528764865,44.03494671358785,Private
DHIS2_000141,Butajira HC,Addis Ababa,Nifas Silk,Zone 4,HC,09788566365,8.06115191676615,44.930127569386464,NGO
DHIS2_000058,Kirko Health Post,Amhara,Gondar,Zone 2,HP,09733614649,14.354334514580284,44.719440757068035,Public
DHIS2_000193,Duke Health Post,Oromia,Modjo,Zone 1,Health Post,09566437579,8.30429248539429,37.96334044483758,Public
DHIS2_000025,Hosaena Health Center,Amhara,Mekelle,Zone 2,HC,09194711896,13.052521270887937,43.13535175558921,NGO
DHIS2_000018,Hosaena Referral Hospitalital,Addis Ababa,Nifas Silk,Zone 3,Referral Hospital,09531200096,9.128967630930788,39.261165047231685,Private
DHIS2_000266,Bol Health Post,Addis Ababa,Bole,Zone 5,Health Post,09354564078,13.103644457960504,40.054785811526784,Private
DHIS2_000067,Butajira Referral Hospitalital,Amhara,Mekelle,Zone 4,Referral Hospital,09867681017,8.467881033428554,42.30198896702305,Private
DHIS2_000209,Adama Hospital,Addis Ababa,Kirkos,Zone 3,Hospital,09444125539,7.785873370762806,41.702585538409984,NGO
DHIS2_000480,Hosaena Clinic,Amhara,Bahir Dar,Zone 2,Clinic,09370267675,12.633731217894006,47.41380220393237,Private
DHIS2_000095,Bole Health Center,Amhara,Bahir Dar,Zone 5,Health Center,09641699263,9.3580802781734,43.60845143466667,Private
DHIS2_000254,Hawassa Health Post,SNNPR,Butajira,Zone 1,Health Post,09639009512,4.456637017912877,42.225194520583,Public
DHIS2_000267,Dire Dawa Hospital,Amhara,Dessie,Zone 2,Hospital,09723822356,10.956504054005906,33.02819825287366,Private
DHIS2_000024,Dukem Health Post,Amhara,Gondar,Zone 1,Health Post,09787809459,12.714012553676586,38.229989809375944,Public
DHIS2_000223,Bahir Dar Hospital,Amhara,Dessie,Zone 2,Hospital,09831814501,3.8391792685132096,42.60252335742249,NGO
DHIS2_000262,Hosaena General Hospitalital,SNNPR,Butajira,Zone 2,General Hospital,09526413806,9.926073399450601,46.157076622671056,Private
DHIS2_000427,Dire Dawa Dispensary,Amhara,Bahir Dar,Zone 5,Dispensary,09616687666,4.857943351172638,47.17104388174619,NGO
DHIS2_000006,Bole General Hospital,Addis Ababa,Kirkos,Zone 1,General Hospital,09323187277,10.31995989339145,45.49792367604247,Private
DHIS2_000117,Dessie Health Center,Amhara,Dessie,Zone 1,Health Center,09823781009,3.4385960141771386,40.08100417664999,Private
DHIS2_000046,Dessi Hospitalital,SNNPR,Hawassa,Zone 5,Hospital,09679397491,4.129883859222721,37.67119964086941,Private
DHIS2_000017,Adama General Hospitalital,Oromia,Bishoftu,Zone 1,General Hospital,09399583549,13.881941298549048,37.08198374076953,Public
DHIS2_000463,Kirkos Health Post,Oromia,Modjo,Zone 4,HP,09610973737,13.231019459260112,41.124696273251395,Private
DHIS2_000358,Adama Referral Hospital,Oromia,Adama,Zone 2,Referral Hospital,09860894269,5.25411423045329,43.79687180032029,Private
DHIS2_000004,Bahi Dar Health Post,Oromia,Dukem,Zone 5,Health Post,09175285250,7.589543895205953,47.74846328710182,NGO
DHIS2_000219,Dire Dawa General Hospitalital,Amhara,Bahir Dar,Zone 5,General Hospital,09640131276,9.56036895256884,36.479206441739635,Public
DHIS2_000406,Hosaena Clinic,SNNPR,Arba Minch,Zone 3,Clinic,09830462320,12.149794613706636,41.13706505193984,NGO
DHIS2_000061,Addis Ababa General Hospital,SNNPR,Arba Minch,Zone 3,General Hospital,09698825083,14.83201276587445,44.30067277888413,Public
DHIS2_000111,Bol Referral Hospitalital,SNNPR,Hosaena,Zone 3,Referral Hospital,09690908854,13.049889468029905,37.98219618982409,NGO
DHIS2_000319,Dessie Health Post,Oromia,Modjo,Zone 1,HP,09654607536,5.483910941261121,40.74858942668968,Private
DHIS2_000429,Bol Health Post,Addis Ababa,Bole,Zone 1,Health Post,09514469353,14.490972181005809,38.98552976463652,Private
DHIS2_000030,Nifas Silk Health Post,SNNPR,Hosaena,Zone 1,Health Post,09187633091,10.823535114031205,36.3640396419084,Private
DHIS2_000438,Kirkos HC,Amhara,Gondar,Zone 1,HC,09331884601,12.896918848164091,37.385746656182896,Public
DHIS2_000472,Modj Hospital,Oromia,Bishoftu,Zone 5,Hospital,09786116475,12.404859012902836,41.492710368376066,NGO
DHIS2_000027,Gondar Hospital,SNNPR,Hawassa,Zone 3,Hospital,09133448674,13.805016685959966,42.49652185909902,NGO
DHIS2_000008,Dukem HP,Amhara,Dessie,Zone 4,HP,09844119117,10.174799745733022,46.82811352534675,Public
DHIS2_000454,Adam Referral Hospitalital,Amhara,Mekelle,Zone 1,Referral Hospital,09148175224,11.681323948258944,41.03484899021368,NGO
DHIS2_000109,Bole HP,Amhara,Mekelle,Zone 2,HP,09769220571,12.481015645489041,33.345339071814564,Public
DHIS2_000038,Dire Dawa HC,Oromia,Dukem,Zone 1,HC,09232268806,13.404867822961243,46.69860828834707,Public
DHIS2_000158,Hawassa Clinic,Addis Ababa,Bole,Zone 3,Clinic,09362316857,13.594875229649535,40.74118530665425,Private
DHIS2_000490,Bahir Dar Hospital,Oromia,Modjo,Zone 3,Hospital,09891942765,8.741953395071542,44.708340403308206,Private
DHIS2_000119,Hosaena General Hospitalital,Amhara,Bahir Dar,Zone 2,General Hospital,09391602413,12.03895464896941,37.08452782080449,Public
DHIS2_000115,Nifas Silk HC,Addis Ababa,Nifas Silk,Zone 4,HC,09445966581,10.962448464200527,35.67053950304627,NGO
DHIS2_000176,Butajir Health Center,SNNPR,Arba Minch,Zone 3,Health Center,09898240465,3.1394464788972076,34.08670331691838,Public
DHIS2_000374,Dessie Dispensary,Amhara,Mekelle,Zone 4,Dispensary,09662866880,14.56199089065106,40.785484201943234,NGO
DHIS2_000182,Bole General Hospital,Amhara,Dessie,Zone 2,General Hospital,09630606265,10.929841419591009,41.295021788879374,NGO
DHIS2_000145,Hawassa General Hospital,Oromia,Dukem,Zone 3,General Hospital,09885304674,5.22567491492067,38.75945834879589,NGO
DHIS2_000370,Hawassa Dispensary,Addis Ababa,Arada,Zone 4,Dispensary,09288797826,4.639210843814071,42.77459640715915,Private
DHIS2_000391,Bahir Dar Hospital,Amhara,Bahir Dar,Zone 3,Hospital,09273065654,5.664910448319847,37.82504984489323,Private
DHIS2_000196,Hawassa HC,Addis Ababa,Addis Ketema,Zone 1,HC,09244761500,4.47564970235552,36.4669636864147,NGO
DHIS2_000405,Gondar Hospitalital,SNNPR,Hosaena,Zone 3,Hospital,09611531064,11.551455997182154,45.251691997584544,NGO
DHIS2_000276,Gonda Health Post,SNNPR,Butajira,Zone 5,Health Post,09498849481,7.522969976836464,39.92599220418573,Private
DHIS2_000455,Nifas Silk Dispensary,Amhara,Gondar,Zone 1,Dispensary,09358206785,9.378928761299917,40.65842693114007,Public
DHIS2_000142,Modjo General Hospital,Oromia,Dukem,Zone 2,General Hospital,09362879148,3.4440916165859115,41.9440481772308,NGO
DHIS2_000366,Kirkos Health Center,Oromia,Dire Dawa,Zone 1,Health Center,09474598446,6.341272899005215,34.94400976793163,Private
DHIS2_000068,Bahir Dar HC,Amhara,Dessie,Zone 3,HC,09484993343,6.191255099570867,38.405176428079024,Private
DHIS2_000211,Modjo Health Post,Addis Ababa,Addis Ketema,Zone 2,Health Post,09640315282,3.72320868347473,47.01654040208271,Private
DHIS2_000169,Hosaena General Hospitalital,Addis Ababa,Bole,Zone 4,General Hospital,09895388417,12.91104918959876,37.47561646484989,Private
DHIS2_000494,Hawassa General Hospital,Addis Ababa,Nifas Silk,Zone 5,General Hospital,09814303677,11.382367502509645,39.2421805146091,Public
DHIS2_000376,Hawass Hospitalital,Oromia,Adama,Zone 2,Hospital,09597087158,6.186993995503273,33.26328545049943,NGO
DHIS2_000401,Bol Health Post,Addis Ababa,Kirkos,Zone 4,Health Post,09515250295,9.18791287027744,39.94940479909195,NGO
DHIS2_000273,Addis Ababa Referral Hospital,Addis Ababa,Bole,Zone 4,Referral Hospital,09325697605,10.634128376498794,44.78477427120348,NGO
DHIS2_000110,Dessi Clinic,SNNPR,Butajira,Zone 5,Clinic,09193700525,13.085275583765075,46.660292973835695,Public
DHIS2_000249,Modjo Referral Hospitalital,SNNPR,Arba Minch,Zone 5,Referral Hospital,09466348502,10.640036186006487,42.20900377140093,NGO
DHIS2_000146,Dessi Health Center,SNNPR,Arba Minch,Zone 4,Health Center,09188414095,7.823170963310906,40.198134304558636,NGO
DHIS2_000093,Nifa Silk Referral Hospital,Amhara,Gondar,Zone 1,Referral Hospital,09345912253,6.094833924539278,35.563313810850985,Private
DHIS2_000153,Hosaena Health Center,SNNPR,Butajira,Zone 3,Health Center,09185785788,9.219124400116707,41.95911108645512,Private
DHIS2_000368,Gonda Health Post,Oromia,Dukem,Zone 5,Health Post,09154042449,7.43775907184612,33.78532530281208,Public
DHIS2_000468,Hosaen General Hospital,Addis Ababa,Addis Ketema,Zone 5,General Hospital,09551130558,5.252668868307024,34.32577420476778,Public
DHIS2_000084,Duke Dispensary,Oromia,Adama,Zone 5,Dispensary,09813125354,8.773744728675519,43.316770756441244,Public
DHIS2_000246,Gonda HP,Addis Ababa,Kirkos,Zone 3,HP,09241216359,13.375924705685012,36.65216952607301,Public
DHIS2_000166,Addis Ababa Referral Hospital,Amhara,Dessie,Zone 2,Referral Hospital,09347214417,7.150596683435481,42.31373276651215,Private
DHIS2_000164,Dire Dawa General Hospitalital,Amhara,Dessie,Zone 4,General Hospital,09783663899,9.495198944113323,47.44488005788492,NGO
DHIS2_000200,Butajir HC,Amhara,Gondar,Zone 5,HC,09536844511,5.260189005187217,43.96244212306315,NGO
DHIS2_000229,Nifas Silk Health Post,Amhara,Mekelle,Zone 2,HP,09146968086,11.504936372915717,33.54240570787143,Public
DHIS2_000075,Gondar Health Center,Addis Ababa,Addis Ketema,Zone 2,Health Center,09490197726,11.06040821287028,42.27192360686844,Private
DHIS2_000479,Nifas Silk Referral Hospital,Oromia,Bishoftu,Zone 2,Referral Hospital,09667889421,9.956713885166696,39.79366605401416,Private
DHIS2_000359,Nifa Silk Health Post,Amhara,Mekelle,Zone 4,HP,09278304749,10.64509004497086,40.89417690507304,Public
DHIS2_000251,Butajir Health Center,Amhara,Gondar,Zone 4,Health Center,09275651053,14.478016779593762,44.062625391885106,NGO
DHIS2_000120,Hawassa General Hospital,Oromia,Bishoftu,Zone 3,General Hospital,09726701250,10.907087302921816,33.40643988755225,NGO
DHIS2_000311,Butajira HC,Amhara,Mekelle,Zone 5,HC,09197094903,11.013656198716879,41.898323551610765,Private
DHIS2_000300,Bahi Dar Hospital,SNNPR,Butajira,Zone 4,Hospital,09169565730,4.355318500934082,34.307692017477464,Private
DHIS2_000256,Bahir Dar HC,Addis Ababa,Arada,Zone 1,HC,09830536721,4.5371489563944,38.07401258991747,Public
DHIS2_000355,Dir Dawa Referral Hospital,Addis Ababa,Arada,Zone 4,Referral Hospital,09766975081,6.594788135446487,34.15293112914245,Private
DHIS2_000400,Addis Ababa Health Post,Oromia,Dire Dawa,Zone 4,Health Post,09794572348,4.140636546392313,45.401201520393705,Private
DHIS2_000226,Hosaen Dispensary,Oromia,Adama,Zone 4,Dispensary,09847201803,12.86167732681304,33.01855019639114,NGO
DHIS2_000354,Bol Referral Hospital,SNNPR,Hosaena,Zone 5,Referral Hospital,09672451660,6.673648090555119,41.23695504415759,Private
DHIS2_000235,Gondar Health Center,Addis Ababa,Addis Ketema,Zone 3,Health Center,09531609907,10.27503525301173,44.472147013544934,NGO
DHIS2_000383,Addi Ababa HC,SNNPR,Hosaena,Zone 1,HC,09367182455,3.094099089263002,42.46382685343745,Private
DHIS2_000275,Gondar Referral Hospital,Addis Ababa,Lideta,Zone 5,Referral Hospital,09515720626,6.2768497196737485,40.77118149358223,NGO
DHIS2_000037,Hawass Health Center,Oromia,Dukem,Zone 5,Health Center,09677607727,13.184037539096092,35.04931997163043,Private
DHIS2_000197,Kirko Hospitalital,Oromia,Dire Dawa,Zone 2,Hospital,09486794548,4.2397074854881875,41.77006050663883,NGO
DHIS2_000140,Dukem General Hospital,SNNPR,Butajira,Zone 5,General Hospital,09649678201,14.992241994790017,41.337098721557695,NGO
DHIS2_000365,Dukem Health Center,SNNPR,Butajira,Zone 5,Health Center,09728740105,14.162051585261095,45.66373053608728,Public
DHIS2_000245,Dessi HP,SNNPR,Hawassa,Zone 5,HP,09382487614,7.4569028118016885,36.9877670498147,NGO
DHIS2_000440,Adama Health Center,SNNPR,Hosaena,Zone 1,Health Center,09544325124,14.088322445108794,34.67820924823686,Private
DHIS2_000287,Dire Dawa General Hospital,SNNPR,Hosaena,Zone 4,General Hospital,09888107941,9.545182432882866,33.934096588228286,NGO
DHIS2_000060,Modjo HC,Addis Ababa,Kirkos,Zone 5,HC,09390768647,3.976185367702797,34.27256571127788,Public
DHIS2_000112,Kirkos Dispensary,Addis Ababa,Bole,Zone 4,Dispensary,09298121122,5.46695770050765,44.816848330717384,Public
DHIS2_000090,Addis Ababa Health Post,Amhara,Mekelle,Zone 2,Health Post,09499838873,7.545271511415472,38.061702508078774,NGO
DHIS2_000437,Modjo Hospitalital,SNNPR,Arba Minch,Zone 2,Hospital,09387141179,7.936073597989727,46.105843802733375,Private
DHIS2_000007,Hawass Referral Hospital,Amhara,Mekelle,Zone 2,Referral Hospital,09513584702,5.495299954418266,41.51550491729987,Private
DHIS2_000361,Modj Dispensary,Amhara,Dessie,Zone 2,Dispensary,09716612208,11.9837428095144,37.76380192891675,Public
DHIS2_000347,Hosaen Dispensary,SNNPR,Arba Minch,Zone 3,Dispensary,09561493837,7.347217045183093,43.885746948299236,Private
DHIS2_000339,Nifa Silk HP,Amhara,Mekelle,Zone 5,HP,09554903073,14.761307908965204,40.16817672033363,Private
DHIS2_000159,Dessi Health Center,Amhara,Gondar,Zone 3,Health Center,09839342048,13.543559836261895,44.961390324103924,NGO
DHIS2_000151,Bole Clinic,Oromia,Bishoftu,Zone 5,Clinic,09587921522,14.312781289621508,42.74469973488553,Private
DHIS2_000178,Gondar Referral Hospitalital,Amhara,Bahir Dar,Zone 2,Referral Hospital,09251965471,10.41786881181743,43.53697455816156,Public
DHIS2_000394,Dukem Health Center,Addis Ababa,Nifas Silk,Zone 3,Health Center,09458710324,12.450589030305352,36.765020748934504,Private
DHIS2_000185,Dire Dawa Referral Hospital,SNNPR,Hosaena,Zone 2,Referral Hospital,09391718171,6.9877755042613074,41.137179535790516,NGO
DHIS2_000450,Duke Health Center,Amhara,Gondar,Zone 2,Health Center,09565445376,5.444005653272218,37.91328247770198,Public
DHIS2_000011,Dire Dawa Health Center,Addis Ababa,Nifas Silk,Zone 1,Health Center,09247407771,10.271519697372137,46.89451317770023,Private
DHIS2_000381,Modj Health Post,Addis Ababa,Kirkos,Zone 4,Health Post,09810734275,4.763552515058516,45.16685654900206,NGO
DHIS2_000104,Hosaena HP,Amhara,Dessie,Zone 4,HP,09587859104,14.97231139108612,44.28604680058234,Private
DHIS2_000082,Dessie Health Post,Amhara,Dessie,Zone 5,Health Post,09426618153,3.4904233951977464,35.534025946082465,Private
DHIS2_000039,Butajira Health Post,Amhara,Bahir Dar,Zone 3,Health Post,09214183839,7.05594188221843,38.63374428959916,Public
DHIS2_000315,Dessie Referral Hospitalital,SNNPR,Arba Minch,Zone 5,Referral Hospital,09442436728,10.285074944625048,42.46961329637983,NGO
DHIS2_000168,Dir Dawa General Hospitalital,SNNPR,Butajira,Zone 1,General Hospital,09539221379,8.35083247652098,37.10439999422499,NGO
DHIS2_000470,Nifas Silk Health Center,Addis Ababa,Arada,Zone 3,HC,09693055484,13.138456173062748,36.73513104163635,NGO
DHIS2_000297,Modj General Hospital,SNNPR,Butajira,Zone 4,General Hospital,09312592536,4.557917387420611,43.30291496512544,Private
DHIS2_000475,Dessie Dispensary,SNNPR,Hosaena,Zone 2,Dispensary,09827728138,5.746505549801988,41.952778153316395,NGO
DHIS2_000199,Nifa Silk Health Post,Oromia,Bishoftu,Zone 2,HP,09483790799,4.508898141679786,34.99071980728916,Private
DHIS2_000298,Gonda Hospitalital,SNNPR,Hosaena,Zone 2,Hospital,09138190067,14.681488679714079,38.05260752791655,Private
DHIS2_000417,Butajira General Hospitalital,Addis Ababa,Lideta,Zone 2,General Hospital,09322856498,9.860951797724985,45.492455651824066,Public
DHIS2_000147,Gonda Dispensary,Addis Ababa,Kirkos,Zone 1,Dispensary,09196015965,7.036445565941065,40.83778787451784,NGO
DHIS2_000393,Adama General Hospital,Oromia,Adama,Zone 3,General Hospital,09515875293,7.460688796828119,38.8868727934422,NGO
DHIS2_000148,Butajir HC,Addis Ababa,Lideta,Zone 5,HC,09186767936,6.555697445471881,36.50411626574865,Private
DHIS2_000448,Dukem Health Post,Oromia,Dukem,Zone 3,Health Post,09455874854,5.668335656978043,40.788368561703074,Private
DHIS2_000288,Dire Dawa Health Center,SNNPR,Butajira,Zone 4,Health Center,09468401945,5.416365385631693,36.87931252332058,Private
DHIS2_000124,Hawass Health Center,Amhara,Dessie,Zone 2,Health Center,09264148094,12.80932274086129,38.12726027546814,NGO
DHIS2_000369,Hawassa Dispensary,Amhara,Gondar,Zone 5,Dispensary,09874384099,10.888241786041544,40.084227062444725,NGO
DHIS2_000097,Bole Health Center,Addis Ababa,Kirkos,Zone 3,Health Center,09118112074,4.665897281304245,33.04066349121494,Private
DHIS2_000144,Dessi HC,SNNPR,Hawassa,Zone 2,HC,09471029245,9.242017318544782,39.402255849822964,NGO
DHIS2_000240,Bahi Dar Health Post,Addis Ababa,Bole,Zone 4,Health Post,09150467715,5.133196654214979,43.37427083353979,NGO
DHIS2_000443,Hosaena Hospitalital,Addis Ababa,Lideta,Zone 1,Hospital,09225551270,6.92091050436049,38.31637423189582,Public
DHIS2_000098,Kirko Health Center,Oromia,Adama,Zone 4,HC,09185169697,4.491566681826537,43.963012128054665,NGO
DHIS2_000408,Bole Health Post,Addis Ababa,Bole,Zone 1,HP,09547649509,10.58591399023749,34.94912058401912,Public
DHIS2_000123,Hosaena General Hospital,Oromia,Dukem,Zone 4,General Hospital,09816202258,11.830855358352029,45.72192143200325,Public
DHIS2_000184,Hosaena Health Post,SNNPR,Butajira,Zone 3,HP,09520556086,11.931348787139466,46.077491684596815,Private
DHIS2_000203,Gondar Hospital,Addis Ababa,Nifas Silk,Zone 2,Hospital,09616851803,11.003658203890888,41.65777855067622,Private
DHIS2_000247,Dessie Referral Hospitalital,Addis Ababa,Addis Ketema,Zone 1,Referral Hospital,09186599400,7.708724658341694,47.343332859734225,Public
DHIS2_000306,Bole Hospital,SNNPR,Hosaena,Zone 3,Hospital,09682888141,9.559778642253463,38.706008234556144,Public
DHIS2_000299,Bahi Dar Dispensary,Oromia,Bishoftu,Zone 5,Dispensary,09416703560,8.654014787193775,45.324553465657075,Private
DHIS2_000352,Gonda General Hospitalital,Amhara,Gondar,Zone 5,General Hospital,09538044174,3.529943234133975,38.126736071051425,Public
DHIS2_000387,Butajira Dispensary,Amhara,Mekelle,Zone 2,Dispensary,09295235670,5.629409753639261,39.88445219065948,Private
DHIS2_000396,Kirkos Health Center,Addis Ababa,Bole,Zone 5,Health Center,09536372008,5.102661265269928,46.001555317590004,Public
DHIS2_000285,Dessie HC,Amhara,Bahir Dar,Zone 1,HC,09797338581,7.847734515918579,41.13818705093134,Public
DHIS2_000126,Nifas Silk Clinic,Amhara,Dessie,Zone 1,Clinic,09393976173,4.3708551110447615,41.48664929949841,Private
DHIS2_000303,Hosaena Health Post,Amhara,Gondar,Zone 5,Health Post,09681415950,11.329806882117971,40.6898212971758,NGO
DHIS2_000224,Dessie Health Post,SNNPR,Arba Minch,Zone 1,Health Post,09434005377,5.283898353828814,33.785083136797624,NGO
DHIS2_000419,Butajira Health Center,Addis Ababa,Lideta,Zone 3,Health Center,09395711044,6.429099895112472,39.49150319398894,Private
DHIS2_000220,Hawassa Health Post,SNNPR,Hawassa,Zone 1,Health Post,09245609212,10.1645630027483,43.13761867631064,Public
DHIS2_000130,Adama Referral Hospitalital,Addis Ababa,Nifas Silk,Zone 5,Referral Hospital,09547738488,11.78621494150875,36.76095990842396,NGO
DHIS2_000421,Dessi Clinic,Addis Ababa,Addis Ketema,Zone 2,Clinic,09159309063,6.315829301590243,39.48028391391759,Private
DHIS2_000290,Bahir Dar Health Center,Addis Ababa,Kirkos,Zone 4,Health Center,09622756935,3.326009054706718,33.97806886890738,Public
DHIS2_000445,Bahi Dar General Hospitalital,Oromia,Adama,Zone 1,General Hospital,09782141525,8.542121775301323,39.21774097225188,Public
DHIS2_000377,Gonda Hospital,Amhara,Bahir Dar,Zone 1,Hospital,09793022130,10.757504899655165,47.61291665724536,NGO
DHIS2_000292,Modjo Clinic,Addis Ababa,Nifas Silk,Zone 1,Clinic,09459840603,5.240679549276498,34.410541566514,Public
DHIS2_000356,Hawass Clinic,Amhara,Dessie,Zone 3,Clinic,09758383190,6.543485928575319,36.48576484584072,Private
DHIS2_000295,Bahir Dar Hospital,Oromia,Dire Dawa,Zone 1,Hospital,09666366866,8.283881020420187,42.22947037604703,NGO
DHIS2_000397,Butajira Health Post,Amhara,Gondar,Zone 5,Health Post,09315351826,8.13002197593734,37.895076463979805,NGO
DHIS2_000341,Bahir Dar Hospital,Addis Ababa,Lideta,Zone 4,Hospital,09348620544,14.59700863039689,41.36563239375066,NGO
DHIS2_000113,Nifas Silk HC,SNNPR,Butajira,Zone 3,HC,09373213072,8.588401467825758,40.2125546713361,NGO
DHIS2_000180,Gondar HC,Oromia,Dukem,Zone 3,HC,09456462256,12.857288736118397,33.617752429189075,Public
DHIS2_000308,Adama HP,SNNPR,Butajira,Zone 1,HP,09123907579,14.781584319127532,42.32016745880294,NGO
DHIS2_000433,Modjo Health Center,SNNPR,Hawassa,Zone 1,HC,09365756089,3.750315548914149,39.8841077489523,NGO
DHIS2_000488,Gondar Clinic,Amhara,Gondar,Zone 4,Clinic,09237758630,5.636481484696805,33.30781222093988,Public
DHIS2_000482,Butajira Clinic,SNNPR,Arba Minch,Zone 3,Clinic,09435653875,5.769535847118381,46.73508348392475,NGO
DHIS2_000423,Addis Ababa Health Center,Amhara,Bahir Dar,Zone 1,Health Center,09282112225,7.771348542634447,36.96414394737959,NGO
DHIS2_000234,Gondar HP,Oromia,Dukem,Zone 5,HP,09242318232,9.876497147170191,46.990961107143825,Private
DHIS2_000312,Bahir Dar Health Post,Addis Ababa,Lideta,Zone 5,Health Post,09521059860,6.21332010586001,44.837412698830974,Public
DHIS2_000165,Dessie Referral Hospital,SNNPR,Hawassa,Zone 3,Referral Hospital,09252081603,14.246741846837413,43.3182858345122,Public
DHIS2_000137,Bahir Dar Health Post,SNNPR,Hosaena,Zone 1,Health Post,09160760636,6.775158681712931,45.11145377725142,Private
DHIS2_000198,Adam HC,Oromia,Dukem,Zone 3,HC,09876984430,14.677172976844158,41.70168344543202,Private
DHIS2_000259,Gondar Clinic,SNNPR,Hawassa,Zone 3,Clinic,09742469247,11.978302871747971,41.36719838266605,Public
DHIS2_000233,Dir Dawa General Hospitalital,SNNPR,Hosaena,Zone 3,General Hospital,09584193473,6.656149669176489,34.21378924576878,Private
DHIS2_000116,Hosaena Health Center,Addis Ababa,Bole,Zone 3,Health Center,09389594423,6.719243115223331,38.95977173186397,Private
DHIS2_000121,Adam Hospitalital,Addis Ababa,Lideta,Zone 2,Hospital,09718860935,5.142535944652003,42.79119161777812,NGO
DHIS2_000350,Nifas Silk Referral Hospital,Oromia,Dukem,Zone 5,Referral Hospital,09242401727,11.672483492378742,43.38798647305662,Private
DHIS2_000225,Gondar HP,SNNPR,Butajira,Zone 5,HP,09491831756,3.7217081112094226,41.434452238168646,NGO
DHIS2_000403,Hosaena General Hospitalital,SNNPR,Arba Minch,Zone 3,General Hospital,09343218943,6.650384635635371,37.55913768382541,Private
DHIS2_000398,Butajir Hospital,Oromia,Dukem,Zone 2,Hospital,09269646035,8.033375927487763,44.70548254510322,Public
DHIS2_000128,Dukem HC,Amhara,Dessie,Zone 4,HC,09220971177,6.267687918232427,33.275860148212004,Public
DHIS2_000286,Gonda Referral Hospitalital,SNNPR,Hosaena,Zone 1,Referral Hospital,09545210753,13.163024737062718,39.429458204557136,Private
DHIS2_000412,Addis Ababa Health Post,Amhara,Bahir Dar,Zone 4,Health Post,09877404927,8.790005042824328,40.60008973474119,Private
DHIS2_000108,Dukem Clinic,Oromia,Bishoftu,Zone 4,Clinic,09741549031,9.070664146613591,42.17181353151972,NGO
DHIS2_000371,Kirkos Clinic,Amhara,Mekelle,Zone 3,Clinic,09536455291,8.617849695612364,41.68762883062083,NGO
DHIS2_000326,Dukem Health Post,Addis Ababa,Addis Ketema,Zone 3,Health Post,09788039489,7.257255502031811,47.12588567428388,NGO
DHIS2_000134,Bole Health Post,Amhara,Gondar,Zone 5,Health Post,09686176890,10.140935168403058,33.77138720226375,NGO
DHIS2_000453,Modjo Dispensary,SNNPR,Hawassa,Zone 3,Dispensary,09524716532,11.078957272254378,39.12178585238885,Private
DHIS2_000045,Kirko Referral Hospital,Amhara,Gondar,Zone 3,Referral Hospital,09262496015,11.760471798741822,33.71574191537473,Public
DHIS2_000461,Bole Clinic,Addis Ababa,Bole,Zone 2,Clinic,09817503276,8.112851731513164,41.2204853499636,Public
DHIS2_000066,Addis Ababa Hospitalital,SNNPR,Butajira,Zone 3,Hospital,09770972984,11.363100670365778,38.7630274706883,Private
DHIS2_000284,Addis Ababa HC,Addis Ababa,Bole,Zone 1,HC,09139489478,11.640096475957357,39.269849008057264,Public
DHIS2_000086,Hawass Clinic,SNNPR,Arba Minch,Zone 3,Clinic,09760154221,4.597403143049739,43.30748258104997,NGO
DHIS2_000243,Gondar General Hospital,SNNPR,Hawassa,Zone 5,General Hospital,09649031525,7.993847978157138,40.220162274529855,Private
DHIS2_000187,Butajira HP,SNNPR,Hawassa,Zone 4,HP,09691173011,10.545177818471341,44.03025447998629,Private
DHIS2_000384,Hawassa Hospitalital,SNNPR,Butajira,Zone 2,Hospital,09656619069,14.54772243585341,42.31362885326562,Private
DHIS2_000160,Dessi Dispensary,Amhara,Bahir Dar,Zone 4,Dispensary,09321667877,14.161084206116865,34.58751140742876,NGO
DHIS2_000013,Addis Ababa Hospitalital,Oromia,Modjo,Zone 1,Hospital,09749443226,9.735326370833954,44.56450769931841,NGO
DHIS2_000036,Adama Referral Hospital,Amhara,Dessie,Zone 2,Referral Hospital,09873967150,11.352357560099676,41.550917551340476,NGO
DHIS2_000029,Gondar Health Post,Amhara,Mekelle,Zone 2,Health Post,09131739356,7.467393198740917,47.102001636866675,Private
DHIS2_000171,Dire Dawa Dispensary,Amhara,Dessie,Zone 2,Dispensary,09292030459,8.307585148570922,37.679279857426955,Public
DHIS2_000143,Butajir General Hospital,Addis Ababa,Nifas Silk,Zone 4,General Hospital,09845396080,7.853825396182209,41.586416391501984,Public
DHIS2_000399,Dire Dawa General Hospital,Addis Ababa,Bole,Zone 2,General Hospital,09337949891,3.3937154895433013,42.540637031699525,NGO
DHIS2_000343,Adam Clinic,Amhara,Dessie,Zone 5,Clinic,09545259675,10.447925757895009,36.0196816173365,Public
DHIS2_000222,Dire Dawa Dispensary,Addis Ababa,Addis Ketema,Zone 5,Dispensary,09139737667,6.88045874538625,36.39984603340482,Public
DHIS2_000096,Dessi Health Post,Oromia,Bishoftu,Zone 2,Health Post,09284531076,3.621882441869123,38.04906417290881,Private
DHIS2_000052,Dukem Health Center,SNNPR,Hosaena,Zone 2,HC,09249673332,6.128334338830838,40.44056181440109,Public
DHIS2_000241,Kirkos General Hospital,Amhara,Bahir Dar,Zone 2,General Hospital,09428321829,5.64963155742767,35.60628893493442,NGO
DHIS2_000485,Bahir Dar General Hospitalital,SNNPR,Arba Minch,Zone 2,General Hospital,09147784639,8.224723754108828,38.93942383121407,Private
DHIS2_000379,Hawassa General Hospitalital,Addis Ababa,Kirkos,Zone 5,General Hospital,09832438280,11.059707378552357,41.73313139652347,Private
DHIS2_000179,Addis Ababa Dispensary,SNNPR,Hawassa,Zone 2,Dispensary,09470350105,7.207523174510169,33.4980466318705,Private
DHIS2_000042,Dessie HC,Amhara,Mekelle,Zone 3,HC,09199473854,9.195604179614344,37.84434709411869,Private
DHIS2_000499,Bole Dispensary,Addis Ababa,Lideta,Zone 4,Dispensary,09566896917,3.3028481501791704,36.7896904593193,Public
DHIS2_000422,Addis Ababa HC,Addis Ababa,Kirkos,Zone 2,HC,09692184132,14.64811854491693,34.69955257091196,Private
DHIS2_000207,Dire Dawa Dispensary,Oromia,Dire Dawa,Zone 2,Dispensary,09346591531,10.15782569982506,41.1853033274321,NGO
DHIS2_000283,Kirkos Clinic,Oromia,Dukem,Zone 4,Clinic,09573467903,7.0591572639881806,37.63048115059793,Public
DHIS2_000255,Gondar Health Center,SNNPR,Butajira,Zone 2,HC,09358190951,6.86658604133554,34.878503556492404,Private
DHIS2_000413,Modjo HP,Addis Ababa,Nifas Silk,Zone 2,HP,09116472973,4.492593974895891,44.96321040805799,Public
DHIS2_000005,Adam General Hospital,Oromia,Dire Dawa,Zone 1,General Hospital,09654738553,3.1591795339183983,47.13302633527279,Private
DHIS2_000257,Gonda Dispensary,Amhara,Gondar,Zone 3,Dispensary,09494749483,4.964205617583618,37.1068696127116,Private
DHIS2_000449,Butajira Clinic,Oromia,Bishoftu,Zone 3,Clinic,09151467922,14.834960063416817,39.22103740451207,Private
DHIS2_000101,Adama Health Center,Addis Ababa,Kirkos,Zone 1,HC,09696448549,12.799193273658926,39.587023628553276,NGO
DHIS2_000227,Dessie General Hospital,Amhara,Dessie,Zone 4,General Hospital,09589157203,7.791790989711698,35.28624019995626,Public
DHIS2_000430,Nifa Silk HC,SNNPR,Butajira,Zone 4,HC,09785460974,4.111505796616406,44.22576524514347,Public
DHIS2_000214,Duke Clinic,Addis Ababa,Bole,Zone 1,Clinic,09723952821,14.555122502850958,40.25318470079887,Public
DHIS2_000172,Adam Clinic,Oromia,Adama,Zone 4,Clinic,09861465754,7.422316124685134,45.965373747594555,Private
DHIS2_000099,Butajira Referral Hospitalital,Oromia,Adama,Zone 5,Referral Hospital,09370203880,3.5771357275690523,44.72271722627122,Private
DHIS2_000293,Gonda Clinic,Addis Ababa,Bole,Zone 2,Clinic,09661588363,9.242286279018654,39.71404410480326,NGO
DHIS2_000216,Butajir Dispensary,Oromia,Dukem,Zone 3,Dispensary,09887827225,13.078335634400645,46.50034685097017,Public
DHIS2_000062,Hosaen Health Post,Amhara,Dessie,Zone 2,Health Post,09548538877,4.3343697876738165,40.389376564362884,Public
DHIS2_000048,Hawassa HP,Addis Ababa,Addis Ketema,Zone 1,HP,09214466271,7.495351375517655,42.38789873571355,Public
DHIS2_000033,Kirko Health Post,Amhara,Bahir Dar,Zone 4,Health Post,09899595920,9.864050390510197,44.52831021459463,Private
DHIS2_000268,Bahir Dar Dispensary,SNNPR,Arba Minch,Zone 5,Dispensary,09762496899,7.65208313700473,39.034906870298336,Private
DHIS2_000328,Hawass Referral Hospital,Oromia,Dire Dawa,Zone 1,Referral Hospital,09260279504,12.948212790545892,47.868948401004495,Private
DHIS2_000201,Hawass Health Center,SNNPR,Butajira,Zone 2,Health Center,09285230621,13.057383475777323,47.16921329211035,Private
DHIS2_000447,Bahir Dar HC,Addis Ababa,Lideta,Zone 3,HC,09692158288,6.561440184238207,41.12054415235903,Private
DHIS2_000028,Nifas Silk Clinic,Amhara,Mekelle,Zone 4,Clinic,09133101383,13.653241185131517,45.76392673151269,Private
DHIS2_000425,Modjo Dispensary,Oromia,Bishoftu,Zone 5,Dispensary,09484741149,4.104803832989705,41.98566880725572,Private
DHIS2_000231,Bol HC,Oromia,Dukem,Zone 4,HC,09361914894,9.188153132357973,46.79087959821626,Public
DHIS2_000261,Hosaena Clinic,Oromia,Modjo,Zone 3,Clinic,09545908279,7.108603632402557,39.201246739428925,NGO
DHIS2_000289,Butajira Clinic,Amhara,Dessie,Zone 3,Clinic,09433593741,13.53396093782449,46.19372782427294,Public
DHIS2_000163,Addi Ababa Dispensary,SNNPR,Butajira,Zone 5,Dispensary,09448965695,10.581762324200021,36.8970537159624,NGO
DHIS2_000426,Nifas Silk Dispensary,SNNPR,Butajira,Zone 2,Dispensary,09126828923,11.479558438544515,42.15011125619228,Public
DHIS2_000139,Butajir Dispensary,Amhara,Dessie,Zone 1,Dispensary,09391252249,13.8403657516323,42.699973786757454,Public
DHIS2_000063,Hosaena Health Center,Oromia,Adama,Zone 1,Health Center,09148503931,11.172473125162908,36.562597069387046,Public
DHIS2_000136,Adam General Hospitalital,Oromia,Dukem,Zone 3,General Hospital,09440908587,3.911200924435465,34.16648016118435,Private
DHIS2_000129,Addis Ababa Hospital,SNNPR,Hosaena,Zone 2,Hospital,09765098996,10.81704466022237,45.446127055608024,Private
DHIS2_000477,Adam HC,Amhara,Dessie,Zone 3,HC,09828004438,7.349175871389949,45.95462131944924,Public
DHIS2_000009,Kirkos HC,SNNPR,Arba Minch,Zone 4,HC,09167055419,9.476305588668957,41.80126748495773,Public
DHIS2_000327,Gonda Health Center,Addis Ababa,Kirkos,Zone 4,HC,09776994946,4.6664559167582045,34.73606410018058,Private
DHIS2_000464,Modj Referral Hospital,Addis Ababa,Arada,Zone 3,Referral Hospital,09135861356,7.634543913804368,41.827574027384834,Private
DHIS2_000065,Bahi Dar Hospital,Addis Ababa,Nifas Silk,Zone 1,Hospital,09152801198,6.035882015870893,43.431166846599716,Public
DHIS2_000301,Hawassa Dispensary,Addis Ababa,Nifas Silk,Zone 3,Dispensary,09120897034,8.226065452777913,41.6587459615292,NGO
DHIS2_000015,Modjo Health Post,Addis Ababa,Arada,Zone 4,HP,09331351509,14.314242846695773,41.98298199732804,Private
DHIS2_000157,Modj Hospital,SNNPR,Arba Minch,Zone 5,Hospital,09516155579,3.585402980078077,40.989037791011434,Public
DHIS2_000041,Bahir Dar Hospitalital,Addis Ababa,Arada,Zone 3,Hospital,09810449395,8.487181939364742,45.63034612517972,NGO
DHIS2_000380,Nifas Silk Dispensary,Oromia,Bishoftu,Zone 1,Dispensary,09777873129,5.459774514321797,43.88440800411624,Private
DHIS2_000469,Kirkos Clinic,Amhara,Gondar,Zone 3,Clinic,09168261869,13.297444731013243,44.75658583525874,NGO
DHIS2_000404,Bahi Dar Referral Hospital,Oromia,Bishoftu,Zone 5,Referral Hospital,09130080580,11.780696838770554,42.6095338920388,NGO
DHIS2_000217,Butajira Health Post,Amhara,Dessie,Zone 3,Health Post,09117667857,13.21409113023325,43.07137004295922,Private
DHIS2_000280,Bahi Dar Dispensary,Addis Ababa,Lideta,Zone 3,Dispensary,09410805113,8.850854324080611,33.50420400274924,Public
DHIS2_000435,Nifas Silk Health Center,Oromia,Dukem,Zone 2,Health Center,09835592498,6.040286040715937,47.81489388511878,Public
DHIS2_000431,Modjo Health Post,Oromia,Adama,Zone 2,Health Post,09171957160,10.073447873816367,42.199375273310686,Private
DHIS2_000338,Hawass Dispensary,SNNPR,Arba Minch,Zone 1,Dispensary,09772199283,14.808157958525571,37.326081567281186,Public
DHIS2_000237,Bahir Dar Health Post,Amhara,Mekelle,Zone 5,HP,09611428127,8.274140263594921,34.58497026392616,NGO
DHIS2_000208,Hawass Dispensary,Oromia,Dukem,Zone 4,Dispensary,09824677441,7.557429362150758,45.95000474357738,Public
DHIS2_000213,Addis Ababa Health Post,SNNPR,Hosaena,Zone 2,HP,09777284075,12.878088187147924,40.837215607741776,NGO
DHIS2_000296,Addis Ababa General Hospitalital,SNNPR,Butajira,Zone 4,General Hospital,09251682179,4.469206780307292,43.87778322041086,Private
DHIS2_000458,Dessi Referral Hospital,SNNPR,Hawassa,Zone 5,Referral Hospital,09359768169,8.201666793067613,47.95773530854426,NGO
DHIS2_000252,Dir Dawa General Hospitalital,Amhara,Gondar,Zone 5,General Hospital,09229952900,12.406112121212086,38.32262040385336,Private
DHIS2_000489,Dessie HP,Amhara,Bahir Dar,Zone 2,HP,09770043429,5.526083275984115,45.135354604375145,NGO
DHIS2_000487,Duke Health Post,SNNPR,Arba Minch,Zone 1,HP,09549911037,8.261480583006938,40.948218916327896,NGO
DHIS2_000304,Kirko HP,Addis Ababa,Arada,Zone 4,HP,09740912354,14.259657821381792,46.06806723394578,Public
DHIS2_000351,Butajira Dispensary,Addis Ababa,Nifas Silk,Zone 2,Dispensary,09298353031,12.520728171664173,47.858190491552,Public
DHIS2_000270,Bahir Dar Health Post,Oromia,Bishoftu,Zone 5,Health Post,09643997463,8.979068187161444,34.155874187014966,Private
DHIS2_000202,Butajira Clinic,Addis Ababa,Kirkos,Zone 4,Clinic,09118704813,12.222232374285495,34.6966472861486,Public
DHIS2_000162,Hawassa Health Post,SNNPR,Butajira,Zone 2,HP,09437427110,9.674180820477083,44.34953705677402,Public
DHIS2_000044,Hawassa Referral Hospital,SNNPR,Hawassa,Zone 5,Referral Hospital,09566996736,11.575151072400748,42.90296065076597,NGO
DHIS2_000218,Kirko Health Center,Addis Ababa,Kirkos,Zone 1,Health Center,09727644180,11.842484939330186,45.941956163148426,Private
DHIS2_000402,Gondar Hospital,Addis Ababa,Arada,Zone 5,Hospital,09189140165,12.186561006190331,33.00017452133049,Public
DHIS2_000191,Nifas Silk Dispensary,Addis Ababa,Arada,Zone 1,Dispensary,09773640055,5.966772892838124,46.06124851908767,Private
DHIS2_000310,Adama Hospital,Amhara,Mekelle,Zone 4,Hospital,09631725224,6.566853692503406,37.49878667260477,NGO
DHIS2_000260,Dessie HC,SNNPR,Arba Minch,Zone 2,HC,09432700314,4.295324575757572,43.2794702417381,NGO
DHIS2_000106,Dessie HP,Addis Ababa,Arada,Zone 3,HP,09730154994,11.667030820716796,43.80054804819112,Private
DHIS2_000054,Bole Health Center,Addis Ababa,Nifas Silk,Zone 4,HC,09772976036,6.0001973905932555,41.70816018515865,Public
DHIS2_000390,Bole Clinic,Addis Ababa,Nifas Silk,Zone 5,Clinic,09461982472,12.162948826398871,45.82810477527555,Private
DHIS2_000002,Bole Clinic,Amhara,Bahir Dar,Zone 4,Clinic,09223953367,11.496870933552547,33.308767414437035,Private
DHIS2_000442,Bahi Dar Clinic,Addis Ababa,Addis Ketema,Zone 2,Clinic,09553117886,9.640562254388971,36.823233733723235,Public
DHIS2_000483,Modjo Clinic,Amhara,Bahir Dar,Zone 1,Clinic,09851159935,5.3598430194355045,44.06139128656016,NGO
DHIS2_000050,Addi Ababa Health Center,Oromia,Bishoftu,Zone 1,Health Center,09457685442,12.734450120832037,45.30959213615933,Public
DHIS2_000420,Hosaena Health Post,SNNPR,Butajira,Zone 3,HP,09741276622,14.784594444191551,44.772927344383206,Private
DHIS2_000501,Private Clinic 1,Oromia,Bole,Zone 3,Clinic,09834210749,5.461675685784086,35.860315809955,Private
DHIS2_000502,Private Clinic 2,Oromia,Addis Ketema,Zone 3,Clinic,09264952704,12.306331400340127,39.799332521220414,Private
DHIS2_000503,Private Clinic 3,Amhara,Butajira,Zone 2,Clinic,09675954738,4.86288295116855,35.728921957429066,Private
DHIS2_000504,Private Clinic 4,Oromia,Mekelle,Zone 3,Clinic,09899097673,13.769164917826611,40.8986769998894,Private
DHIS2_000505,Private Clinic 5,Oromia,Adama,Zone 5,Clinic,09897929144,5.663665943195394,36.46612194882107,Private
DHIS2_000506,Private Clinic 6,SNNPR,Dessie,Zone 1,Clinic,09739822180,5.142535944652003,42.79119161777812,Private
DHIS2_000507,Private Clinic 7,SNNPR,Dessie,Zone 2,Clinic,09395808215,11.66720318226791,45.835447021594284,Private
DHIS2_000508,Private Clinic 8,SNNPR,Addis Ketema,Zone 4,Clinic,09460831524,4.692982185332562,39.09588462410283,Private
DHIS2_000509,Private Clinic 9,SNNPR,Addis Ketema,Zone 2,Clinic,09745393865,4.026102370253617,36.118293827190406,Private
DHIS2_000510,Private Clinic 10,SNNPR,Addis Ketema,Zone 5,Clinic,09398225315,10.71510676337104,43.55919202707764,Private
DHIS2_000511,Private Clinic 11,Oromia,Gondar,Zone 5,Clinic,09450473321,12.901287977071917,38.44588818292636,Private
DHIS2_000512,Private Clinic 12,SNNPR,Lideta,Zone 4,Clinic,09516193956,7.912939826294885,41.2807077127797,Private
DHIS2_000513,Private Clinic 13,Amhara,Lideta,Zone 3,Clinic,09434899065,12.16326952991713,35.10169763649679,Private
DHIS2_000514,Private Clinic 14,Amhara,Hawassa,Zone 1,Clinic,09263505232,6.224128312619353,41.124513219913005,Private
DHIS2_000515,Private Clinic 15,Oromia,Mekelle,Zone 1,Clinic,09696131989,13.019162841591589,47.76603271055328,Private
DHIS2_000516,Private Clinic 16,Amhara,Modjo,Zone 2,Clinic,09788987338,12.871006510940088,40.944925179826214,Private
DHIS2_000517,Private Clinic 17,Amhara,Dukem,Zone 1,Clinic,09630080673,9.650136030189522,42.77130582527796,Private
DHIS2_000518,Private Clinic 18,Amhara,Lideta,Zone 5,Clinic,09274504149,4.642627560825687,46.500279627721575,Private
DHIS2_000519,Private Clinic 19,Amhara,Dessie,Zone 2,Clinic,09444780908,10.980440094555066,35.630569179351745,Private
DHIS2_000520,Private Clinic 20,Oromia,Butajira,Zone 2,Clinic,09544954715,12.250936524771246,39.33054089326031,Private
DHIS2_000521,Private Clinic 21,Amhara,Nifas Silk,Zone 1,Clinic,09350381731,12.251831106425742,34.02374558031137,Private
DHIS2_000522,Private Clinic 22,SNNPR,Dessie,Zone 3,Clinic,09849787171,11.628550862210947,37.456825734347625,Private
DHIS2_000523,Private Clinic 23,SNNPR,Bahir Dar,Zone 5,Clinic,09895518073,3.374197620735416,36.93396066449738,Private
DHIS2_000524,Private Clinic 24,SNNPR,Nifas Silk,Zone 1,Clinic,09686176890,10.16211418700267,38.01365836225441,Private
DHIS2_000525,Private Clinic 25,Amhara,Bahir Dar,Zone 5,Clinic,09164278856,7.218481933610626,39.19190325910128,Private
DHIS2_000526,Private Clinic 26,Oromia,Nifas Silk,Zone 2,Clinic,09167696034,12.829227812090396,44.99123818453469,Private
DHIS2_000527,Private Clinic 27,Addis Ababa,Bole,Zone 2,Clinic,09483976082,6.775158681712931,45.11145377725142,Private
DHIS2_000528,Private Clinic 28,Oromia,Butajira,Zone 2,Clinic,09146532022,9.255608008962833,34.300578177932756,Private
DHIS2_000529,Private Clinic 29,Addis Ababa,Bole,Zone 5,Clinic,09120880726,11.689239951277663,42.558473696842306,Private
DHIS2_000530,Private Clinic 30,Addis Ababa,Adama,Zone 1,Clinic,09420563214,11.318102537483096,33.77393709988065,Private
DHIS2_000531,Private Clinic 31,Amhara,Gondar,Zone 2,Clinic,09891597126,14.992241994790017,41.337098721557695,Private
DHIS2_000532,Private Clinic 32,Amhara,Mekelle,Zone 5,Clinic,09779144712,5.311188333427565,34.72923031870926,Private
DHIS2_000533,Private Clinic 33,SNNPR,Adama,Zone 4,Clinic,09785779042,6.829205678919068,45.43373211226016,Private
DHIS2_000534,Private Clinic 34,Oromia,Hawassa,Zone 3,Clinic,09462879148,3.92343841955051,43.444331638172095,Private
DHIS2_000535,Private Clinic 35,Addis Ababa,Lideta,Zone 1,Clinic,09450686940,10.939862100966497,44.067836503597874,Private
DHIS2_000536,Private Clinic 36,Oromia,Addis Ketema,Zone 5,Clinic,09217152747,5.795513697043605,33.36601172334807,Private
DHIS2_000537,Private Clinic 37,Amhara,Bahir Dar,Zone 3,Clinic,09748499601,14.268812382154755,44.98174853660498,Private
DHIS2_000538,Private Clinic 38,SNNPR,Hawassa,Zone 4,Clinic,09583823165,4.062520927363417,33.563951598093915,Private
DHIS2_000539,Private Clinic 39,Addis Ababa,Addis Ketema,Zone 4,Clinic,09788483721,4.100392021337162,38.04555695742633,Private
DHIS2_000540,Private Clinic 40,Addis Ababa,Dire Dawa,Zone 1,Clinic,09624372528,4.325689357576736,38.31933236461165,Private
DHIS2_000541,Private Clinic 41,Amhara,Adama,Zone 4,Clinic,09273813565,10.069302413650739,37.15898468545161,Private
DHIS2_000542,Private Clinic 42,Oromia,Hawassa,Zone 1,Clinic,09750057648,7.699561686484273,34.86656335945285,Private
DHIS2_000543,Private Clinic 43,SNNPR,Dire Dawa,Zone 5,Clinic,09558665285,14.787966180960979,46.262984671972546,Private
DHIS2_000544,Private Clinic 44,Addis Ababa,Nifas Silk,Zone 5,Clinic,09256316696,11.92023387472349,33.97479614224341,Private
DHIS2_000545,Private Clinic 45,Addis Ababa,Bole,Zone 5,Clinic,09661195209,3.563344285773756,38.76135917236874,Private
DHIS2_000546,Private Clinic 46,Oromia,Butajira,Zone 2,Clinic,09368865527,7.201503110000761,33.867640148450946,Private
DHIS2_000547,Private Clinic 47,SNNPR,Butajira,Zone 1,Clinic,09325135763,14.938893871757223,35.60842873829231,Private
DHIS2_000548,Private Clinic 48,Amhara,Hosaena,Zone 2,Clinic,09246595773,14.95602930968069,46.461542220693055,Private
DHIS2_000549,Private Clinic 49,SNNPR,Kirkos,Zone 5,Clinic,09834586222,3.418381922805899,46.4238216184176,Private
DHIS2_000550,Private Clinic 50,Oromia,Bahir Dar,Zone 3,Clinic,09179448631,6.187200511064473,34.94272381924206,Private
DHIS2_000551,Private Clinic 51,Oromia,Hosaena,Zone 1,Clinic,09288931275,3.425068421022541,37.935770480548065,Private
DHIS2_000552,Private Clinic 52,Oromia,Dire Dawa,Zone 3,Clinic,09310605409,7.901438556848385,38.59032775518471,Private
DHIS2_000553,Private Clinic 53,Addis Ababa,Dire Dawa,Zone 2,Clinic,09289655365,14.545463671104597,34.64203290081681,Private
DHIS2_000554,Private Clinic 54,Addis Ababa,Dire Dawa,Zone 5,Clinic,09143957164,8.767038927919776,41.886116769892766,Private
DHIS2_000555,Private Clinic 55,Amhara,Hosaena,Zone 2,Clinic,09823881178,13.373914563688182,44.00864878430553,Private
DHIS2_000556,Private Clinic 56,Addis Ababa,Bole,Zone 4,Clinic,09114684346,13.407530411517628,43.62544465072552,Private
DHIS2_000557,Private Clinic 57,SNNPR,Modjo,Zone 1,Clinic,09561900771,10.423336538582213,44.290749593364616,Private
DHIS2_000558,Private Clinic 58,SNNPR,Dire Dawa,Zone 3,Clinic,09527486878,12.909801006777151,34.93304801210168,Private
DHIS2_000559,Private Clinic 59,SNNPR,Mekelle,Zone 2,Clinic,09494328141,12.079629645419216,36.88032496046862,Private
DHIS2_000560,Private Clinic 60,Amhara,Modjo,Zone 3,Clinic,09139263888,4.3901262813630915,38.65043042980198,Private
DHIS2_000561,Private Clinic 61,Addis Ababa,Modjo,Zone 3,Clinic,09866825157,6.400115379186979,33.27641578107326,Private
DHIS2_000562,Private Clinic 62,Oromia,Bahir Dar,Zone 4,Clinic,09425886372,4.230116735888151,47.05842730854677,Private
DHIS2_000563,Private Clinic 63,Addis Ababa,Dukem,Zone 2,Clinic,09494669146,4.996531043187268,44.56476438798203,Private
DHIS2_000564,Private Clinic 64,Oromia,Arada,Zone 1,Clinic,09662374647,3.548904405750154,46.07305209228564,Private
DHIS2_000565,Private Clinic 65,Addis Ababa,Gondar,Zone 5,Clinic,09431845218,10.132750310742544,38.75418390608433,Private
DHIS2_000566,Private Clinic 66,Oromia,Nifas Silk,Zone 1,Clinic,09695440590,12.825427720285123,36.787631245325734,Private
DHIS2_000567,Private Clinic 67,SNNPR,Bahir Dar,Zone 2,Clinic,09539221379,8.114175626831676,39.77080536494513,Private
DHIS2_000568,Private Clinic 68,SNNPR,Gondar,Zone 5,Clinic,09583548874,5.649235353465125,34.23571568423764,Private
DHIS2_000569,Private Clinic 69,Amhara,Nifas Silk,Zone 3,Clinic,09367396048,14.558839841281582,33.46953470621274,Private
DHIS2_000570,Private Clinic 70,Oromia,Gondar,Zone 5,Clinic,09353353746,6.29058242818404,47.75966471939742,Private
DHIS2_000571,Private Clinic 71,Oromia,Kirkos,Zone 2,Clinic,09565229602,3.3736089946141363,42.77500238063828,Private
DHIS2_000572,Private Clinic 72,Addis Ababa,Adama,Zone 4,Clinic,09861465754,14.61832113497666,35.78288273554682,Private
DHIS2_000573,Private Clinic 73,Oromia,Dessie,Zone 3,Clinic,09657347699,3.2143427097398325,44.95196741796041,Private
DHIS2_000574,Private Clinic 74,Addis Ababa,Hosaena,Zone 4,Clinic,09664856856,3.0147820219971107,41.9749089768364,Private
DHIS2_000575,Private Clinic 75,Amhara,Lideta,Zone 4,Clinic,09465940773,5.706481709324825,35.41238203617285,Private
